Venue,Team,Wins,Total_Matches,Win_Pct
Arun Jaitley Stadium,Chennai Super Kings,1,14,7.1
Arun Jaitley Stadium,Delhi Capitals,8,14,57.1
Arun Jaitley Stadium,Mumbai Indians,1,14,7.1
Arun Jaitley Stadium,Punjab Kings,1,14,7.1
Arun Jaitley Stadium,Royal Challengers Bengaluru,1,14,7.1
Arun Jaitley Stadium,Sunrisers Hyderabad,2,14,14.3
"Arun Jaitley Stadium, Delhi",Chennai Super Kings,2,16,12.5
"Arun Jaitley Stadium, Delhi",Delhi Capitals,6,16,37.5
"Arun Jaitley Stadium, Delhi",Gujarat Titans,1,16,6.2
"Arun Jaitley Stadium, Delhi",Mumbai Indians,3,16,18.8
"Arun Jaitley Stadium, Delhi",Punjab Kings,1,16,6.2
"Arun Jaitley Stadium, Delhi",Rajasthan Royals,1,16,6.2
"Arun Jaitley Stadium, Delhi",Sunrisers Hyderabad,2,16,12.5
Barabati Stadium,Deccan Chargers,3,7,42.9
Barabati Stadium,Kolkata Knight Riders,3,7,42.9
Barabati Stadium,Punjab Kings,1,7,14.3
"Barsapara Cricket Stadium, Guwahati",Punjab Kings,2,3,66.7
"Barsapara Cricket Stadium, Guwahati",Rajasthan Royals,1,3,33.3
"Bharat Ratna Shri Atal Bihari Vajpayee Ekana Cricket Stadium, Lucknow",Delhi Capitals,1,13,7.7
"Bharat Ratna Shri Atal Bihari Vajpayee Ekana Cricket Stadium, Lucknow",Gujarat Titans,1,13,7.7
"Bharat Ratna Shri Atal Bihari Vajpayee Ekana Cricket Stadium, Lucknow",Kolkata Knight Riders,1,13,7.7
"Bharat Ratna Shri Atal Bihari Vajpayee Ekana Cricket Stadium, Lucknow",Lucknow Super Giants,7,13,53.8
"Bharat Ratna Shri Atal Bihari Vajpayee Ekana Cricket Stadium, Lucknow",Punjab Kings,1,13,7.7
"Bharat Ratna Shri Atal Bihari Vajpayee Ekana Cricket Stadium, Lucknow",Rajasthan Royals,1,13,7.7
"Bharat Ratna Shri Atal Bihari Vajpayee Ekana Cricket Stadium, Lucknow",Royal Challengers Bengaluru,1,13,7.7
Brabourne Stadium,Chennai Super Kings,1,10,10.0
Brabourne Stadium,Mumbai Indians,5,10,50.0
Brabourne Stadium,Rajasthan Royals,2,10,20.0
Brabourne Stadium,Royal Challengers Bengaluru,1,10,10.0
Brabourne Stadium,Sunrisers Hyderabad,1,10,10.0
"Brabourne Stadium, Mumbai",Delhi Capitals,4,17,23.5
"Brabourne Stadium, Mumbai",Gujarat Titans,2,17,11.8
"Brabourne Stadium, Mumbai",Lucknow Super Giants,2,17,11.8
"Brabourne Stadium, Mumbai",Mumbai Indians,2,17,11.8
"Brabourne Stadium, Mumbai",Punjab Kings,2,17,11.8
"Brabourne Stadium, Mumbai",Rajasthan Royals,3,17,17.6
"Brabourne Stadium, Mumbai",Sunrisers Hyderabad,2,17,11.8
Buffalo Park,Chennai Super Kings,1,3,33.3
Buffalo Park,Delhi Capitals,1,3,33.3
Buffalo Park,Mumbai Indians,1,3,33.3
De Beers Diamond Oval,Chennai Super Kings,1,3,33.3
De Beers Diamond Oval,Deccan Chargers,1,3,33.3
De Beers Diamond Oval,Punjab Kings,1,3,33.3
Dr DY Patil Sports Academy,Chennai Super Kings,3,17,17.6
Dr DY Patil Sports Academy,Deccan Chargers,2,17,11.8
Dr DY Patil Sports Academy,Delhi Capitals,1,17,5.9
Dr DY Patil Sports Academy,Kolkata Knight Riders,2,17,11.8
Dr DY Patil Sports Academy,Mumbai Indians,5,17,29.4
Dr DY Patil Sports Academy,Pune Warriors,2,17,11.8
Dr DY Patil Sports Academy,Rajasthan Royals,1,17,5.9
Dr DY Patil Sports Academy,Royal Challengers Bengaluru,1,17,5.9
"Dr DY Patil Sports Academy, Mumbai",Chennai Super Kings,3,20,15.0
"Dr DY Patil Sports Academy, Mumbai",Delhi Capitals,2,20,10.0
"Dr DY Patil Sports Academy, Mumbai",Gujarat Titans,2,20,10.0
"Dr DY Patil Sports Academy, Mumbai",Kolkata Knight Riders,1,20,5.0
"Dr DY Patil Sports Academy, Mumbai",Lucknow Super Giants,3,20,15.0
"Dr DY Patil Sports Academy, Mumbai",Mumbai Indians,1,20,5.0
"Dr DY Patil Sports Academy, Mumbai",Punjab Kings,2,20,10.0
"Dr DY Patil Sports Academy, Mumbai",Rajasthan Royals,1,20,5.0
"Dr DY Patil Sports Academy, Mumbai",Royal Challengers Bengaluru,2,20,10.0
"Dr DY Patil Sports Academy, Mumbai",Sunrisers Hyderabad,3,20,15.0
Dr. Y.S. Rajasekhara Reddy ACA-VDCA Cricket Stadium,Chennai Super Kings,2,13,15.4
Dr. Y.S. Rajasekhara Reddy ACA-VDCA Cricket Stadium,Delhi Capitals,2,13,15.4
Dr. Y.S. Rajasekhara Reddy ACA-VDCA Cricket Stadium,Mumbai Indians,2,13,15.4
Dr. Y.S. Rajasekhara Reddy ACA-VDCA Cricket Stadium,Punjab Kings,1,13,7.7
Dr. Y.S. Rajasekhara Reddy ACA-VDCA Cricket Stadium,Rajasthan Royals,1,13,7.7
Dr. Y.S. Rajasekhara Reddy ACA-VDCA Cricket Stadium,Rising Pune Supergiants,2,13,15.4
Dr. Y.S. Rajasekhara Reddy ACA-VDCA Cricket Stadium,Sunrisers Hyderabad,3,13,23.1
"Dr. Y.S. Rajasekhara Reddy ACA-VDCA Cricket Stadium, Visakhapatnam",Delhi Capitals,1,2,50.0
"Dr. Y.S. Rajasekhara Reddy ACA-VDCA Cricket Stadium, Visakhapatnam",Kolkata Knight Riders,1,2,50.0
Dubai International Cricket Stadium,Chennai Super Kings,9,46,19.6
Dubai International Cricket Stadium,Delhi Capitals,7,46,15.2
Dubai International Cricket Stadium,Kolkata Knight Riders,3,46,6.5
Dubai International Cricket Stadium,Mumbai Indians,3,46,6.5
Dubai International Cricket Stadium,Punjab Kings,7,46,15.2
Dubai International Cricket Stadium,Rajasthan Royals,2,46,4.3
Dubai International Cricket Stadium,Royal Challengers Bengaluru,8,46,17.4
Dubai International Cricket Stadium,Sunrisers Hyderabad,7,46,15.2
Eden Gardens,Chennai Super Kings,5,77,6.5
Eden Gardens,Delhi Capitals,2,77,2.6
Eden Gardens,Gujarat Lions,2,77,2.6
Eden Gardens,Kochi Tuskers Kerala,1,77,1.3
Eden Gardens,Kolkata Knight Riders,45,77,58.4
Eden Gardens,Mumbai Indians,10,77,13.0
Eden Gardens,Punjab Kings,3,77,3.9
Eden Gardens,Rajasthan Royals,2,77,2.6
Eden Gardens,Rising Pune Supergiants,1,77,1.3
Eden Gardens,Royal Challengers Bengaluru,4,77,5.2
Eden Gardens,Sunrisers Hyderabad,2,77,2.6
"Eden Gardens, Kolkata",Chennai Super Kings,1,16,6.2
"Eden Gardens, Kolkata",Gujarat Titans,2,16,12.5
"Eden Gardens, Kolkata",Kolkata Knight Riders,7,16,43.8
"Eden Gardens, Kolkata",Lucknow Super Giants,1,16,6.2
"Eden Gardens, Kolkata",Punjab Kings,1,16,6.2
"Eden Gardens, Kolkata",Rajasthan Royals,2,16,12.5
"Eden Gardens, Kolkata",Royal Challengers Bengaluru,1,16,6.2
"Eden Gardens, Kolkata",Sunrisers Hyderabad,1,16,6.2
Feroz Shah Kotla,Chennai Super Kings,5,59,8.5
Feroz Shah Kotla,Deccan Chargers,2,59,3.4
Feroz Shah Kotla,Delhi Capitals,23,59,39.0
Feroz Shah Kotla,Gujarat Lions,1,59,1.7
Feroz Shah Kotla,Kochi Tuskers Kerala,1,59,1.7
Feroz Shah Kotla,Kolkata Knight Riders,5,59,8.5
Feroz Shah Kotla,Mumbai Indians,3,59,5.1
Feroz Shah Kotla,Pune Warriors,1,59,1.7
Feroz Shah Kotla,Punjab Kings,4,59,6.8
Feroz Shah Kotla,Rajasthan Royals,4,59,6.8
Feroz Shah Kotla,Rising Pune Supergiants,1,59,1.7
Feroz Shah Kotla,Royal Challengers Bengaluru,5,59,8.5
Feroz Shah Kotla,Sunrisers Hyderabad,4,59,6.8
Green Park,Delhi Capitals,1,4,25.0
Green Park,Gujarat Lions,2,4,50.0
Green Park,Sunrisers Hyderabad,1,4,25.0
Himachal Pradesh Cricket Association Stadium,Chennai Super Kings,1,9,11.1
Himachal Pradesh Cricket Association Stadium,Deccan Chargers,2,9,22.2
Himachal Pradesh Cricket Association Stadium,Delhi Capitals,1,9,11.1
Himachal Pradesh Cricket Association Stadium,Punjab Kings,5,9,55.6
"Himachal Pradesh Cricket Association Stadium, Dharamsala",Chennai Super Kings,1,4,25.0
"Himachal Pradesh Cricket Association Stadium, Dharamsala",Delhi Capitals,1,4,25.0
"Himachal Pradesh Cricket Association Stadium, Dharamsala",Rajasthan Royals,1,4,25.0
"Himachal Pradesh Cricket Association Stadium, Dharamsala",Royal Challengers Bengaluru,1,4,25.0
Holkar Cricket Stadium,Kochi Tuskers Kerala,1,9,11.1
Holkar Cricket Stadium,Kolkata Knight Riders,1,9,11.1
Holkar Cricket Stadium,Mumbai Indians,2,9,22.2
Holkar Cricket Stadium,Punjab Kings,4,9,44.4
Holkar Cricket Stadium,Royal Challengers Bengaluru,1,9,11.1
JSCA International Stadium Complex,Chennai Super Kings,3,7,42.9
JSCA International Stadium Complex,Kolkata Knight Riders,1,7,14.3
JSCA International Stadium Complex,Pune Warriors,1,7,14.3
JSCA International Stadium Complex,Royal Challengers Bengaluru,1,7,14.3
JSCA International Stadium Complex,Sunrisers Hyderabad,1,7,14.3
Kingsmead,Chennai Super Kings,1,15,6.7
Kingsmead,Deccan Chargers,2,15,13.3
Kingsmead,Delhi Capitals,3,15,20.0
Kingsmead,Kolkata Knight Riders,2,15,13.3
Kingsmead,Punjab Kings,2,15,13.3
Kingsmead,Rajasthan Royals,2,15,13.3
Kingsmead,Royal Challengers Bengaluru,3,15,20.0
M Chinnaswamy Stadium,Chennai Super Kings,4,63,6.3
M Chinnaswamy Stadium,Deccan Chargers,1,63,1.6
M Chinnaswamy Stadium,Delhi Capitals,3,63,4.8
M Chinnaswamy Stadium,Gujarat Lions,1,63,1.6
M Chinnaswamy Stadium,Kolkata Knight Riders,6,63,9.5
M Chinnaswamy Stadium,Mumbai Indians,8,63,12.7
M Chinnaswamy Stadium,Punjab Kings,5,63,7.9
M Chinnaswamy Stadium,Rajasthan Royals,3,63,4.8
M Chinnaswamy Stadium,Rising Pune Supergiants,1,63,1.6
M Chinnaswamy Stadium,Royal Challengers Bengaluru,29,63,46.0
M Chinnaswamy Stadium,Sunrisers Hyderabad,2,63,3.2
"M Chinnaswamy Stadium, Bengaluru",Chennai Super Kings,1,14,7.1
"M Chinnaswamy Stadium, Bengaluru",Gujarat Titans,1,14,7.1
"M Chinnaswamy Stadium, Bengaluru",Kolkata Knight Riders,2,14,14.3
"M Chinnaswamy Stadium, Bengaluru",Lucknow Super Giants,2,14,14.3
"M Chinnaswamy Stadium, Bengaluru",Royal Challengers Bengaluru,7,14,50.0
"M Chinnaswamy Stadium, Bengaluru",Sunrisers Hyderabad,1,14,7.1
M.Chinnaswamy Stadium,Chennai Super Kings,1,14,7.1
M.Chinnaswamy Stadium,Delhi Capitals,1,14,7.1
M.Chinnaswamy Stadium,Kolkata Knight Riders,2,14,14.3
M.Chinnaswamy Stadium,Mumbai Indians,1,14,7.1
M.Chinnaswamy Stadium,Rajasthan Royals,1,14,7.1
M.Chinnaswamy Stadium,Royal Challengers Bengaluru,8,14,57.1
MA Chidambaram Stadium,Chennai Super Kings,7,9,77.8
MA Chidambaram Stadium,Mumbai Indians,2,9,22.2
"MA Chidambaram Stadium, Chepauk",Chennai Super Kings,33,48,68.8
"MA Chidambaram Stadium, Chepauk",Deccan Chargers,2,48,4.2
"MA Chidambaram Stadium, Chepauk",Delhi Capitals,2,48,4.2
"MA Chidambaram Stadium, Chepauk",Kolkata Knight Riders,2,48,4.2
"MA Chidambaram Stadium, Chepauk",Mumbai Indians,3,48,6.2
"MA Chidambaram Stadium, Chepauk",Pune Warriors,1,48,2.1
"MA Chidambaram Stadium, Chepauk",Punjab Kings,2,48,4.2
"MA Chidambaram Stadium, Chepauk",Rajasthan Royals,1,48,2.1
"MA Chidambaram Stadium, Chepauk",Royal Challengers Bengaluru,2,48,4.2
"MA Chidambaram Stadium, Chepauk, Chennai",Chennai Super Kings,10,28,35.7
"MA Chidambaram Stadium, Chepauk, Chennai",Delhi Capitals,2,28,7.1
"MA Chidambaram Stadium, Chepauk, Chennai",Kolkata Knight Riders,3,28,10.7
"MA Chidambaram Stadium, Chepauk, Chennai",Lucknow Super Giants,1,28,3.6
"MA Chidambaram Stadium, Chepauk, Chennai",Mumbai Indians,3,28,10.7
"MA Chidambaram Stadium, Chepauk, Chennai",Punjab Kings,3,28,10.7
"MA Chidambaram Stadium, Chepauk, Chennai",Rajasthan Royals,1,28,3.6
"MA Chidambaram Stadium, Chepauk, Chennai",Royal Challengers Bengaluru,3,28,10.7
"MA Chidambaram Stadium, Chepauk, Chennai",Sunrisers Hyderabad,2,28,7.1
"Maharaja Yadavindra Singh International Cricket Stadium, Mullanpur",Gujarat Titans,1,5,20.0
"Maharaja Yadavindra Singh International Cricket Stadium, Mullanpur",Mumbai Indians,1,5,20.0
"Maharaja Yadavindra Singh International Cricket Stadium, Mullanpur",Punjab Kings,1,5,20.0
"Maharaja Yadavindra Singh International Cricket Stadium, Mullanpur",Rajasthan Royals,1,5,20.0
"Maharaja Yadavindra Singh International Cricket Stadium, Mullanpur",Sunrisers Hyderabad,1,5,20.0
Maharashtra Cricket Association Stadium,Chennai Super Kings,5,22,22.7
Maharashtra Cricket Association Stadium,Delhi Capitals,2,22,9.1
Maharashtra Cricket Association Stadium,Gujarat Lions,1,22,4.5
Maharashtra Cricket Association Stadium,Kolkata Knight Riders,3,22,13.6
Maharashtra Cricket Association Stadium,Mumbai Indians,2,22,9.1
Maharashtra Cricket Association Stadium,Rajasthan Royals,1,22,4.5
Maharashtra Cricket Association Stadium,Rising Pune Supergiants,5,22,22.7
Maharashtra Cricket Association Stadium,Royal Challengers Bengaluru,2,22,9.1
Maharashtra Cricket Association Stadium,Sunrisers Hyderabad,1,22,4.5
"Maharashtra Cricket Association Stadium, Pune",Chennai Super Kings,1,13,7.7
"Maharashtra Cricket Association Stadium, Pune",Gujarat Titans,3,13,23.1
"Maharashtra Cricket Association Stadium, Pune",Kolkata Knight Riders,2,13,15.4
"Maharashtra Cricket Association Stadium, Pune",Lucknow Super Giants,2,13,15.4
"Maharashtra Cricket Association Stadium, Pune",Punjab Kings,1,13,7.7
"Maharashtra Cricket Association Stadium, Pune",Rajasthan Royals,2,13,15.4
"Maharashtra Cricket Association Stadium, Pune",Royal Challengers Bengaluru,2,13,15.4
"Narendra Modi Stadium, Ahmedabad",Chennai Super Kings,1,24,4.2
"Narendra Modi Stadium, Ahmedabad",Delhi Capitals,4,24,16.7
"Narendra Modi Stadium, Ahmedabad",Gujarat Titans,9,24,37.5
"Narendra Modi Stadium, Ahmedabad",Kolkata Knight Riders,3,24,12.5
"Narendra Modi Stadium, Ahmedabad",Punjab Kings,2,24,8.3
"Narendra Modi Stadium, Ahmedabad",Rajasthan Royals,3,24,12.5
"Narendra Modi Stadium, Ahmedabad",Royal Challengers Bengaluru,2,24,8.3
Nehru Stadium,Deccan Chargers,1,5,20.0
Nehru Stadium,Delhi Capitals,1,5,20.0
Nehru Stadium,Kochi Tuskers Kerala,2,5,40.0
Nehru Stadium,Royal Challengers Bengaluru,1,5,20.0
New Wanderers Stadium,Chennai Super Kings,1,8,12.5
New Wanderers Stadium,Deccan Chargers,2,8,25.0
New Wanderers Stadium,Delhi Capitals,1,8,12.5
New Wanderers Stadium,Punjab Kings,1,8,12.5
New Wanderers Stadium,Royal Challengers Bengaluru,3,8,37.5
Newlands,Deccan Chargers,2,7,28.6
Newlands,Delhi Capitals,1,7,14.3
Newlands,Mumbai Indians,1,7,14.3
Newlands,Punjab Kings,1,7,14.3
Newlands,Rajasthan Royals,1,7,14.3
Newlands,Royal Challengers Bengaluru,1,7,14.3
OUTsurance Oval,Delhi Capitals,1,2,50.0
OUTsurance Oval,Punjab Kings,1,2,50.0
Punjab Cricket Association IS Bindra Stadium,Kolkata Knight Riders,1,10,10.0
Punjab Cricket Association IS Bindra Stadium,Punjab Kings,8,10,80.0
Punjab Cricket Association IS Bindra Stadium,Royal Challengers Bengaluru,1,10,10.0
"Punjab Cricket Association IS Bindra Stadium, Mohali",Gujarat Lions,2,11,18.2
"Punjab Cricket Association IS Bindra Stadium, Mohali",Kolkata Knight Riders,1,11,9.1
"Punjab Cricket Association IS Bindra Stadium, Mohali",Mumbai Indians,1,11,9.1
"Punjab Cricket Association IS Bindra Stadium, Mohali",Punjab Kings,4,11,36.4
"Punjab Cricket Association IS Bindra Stadium, Mohali",Royal Challengers Bengaluru,1,11,9.1
"Punjab Cricket Association IS Bindra Stadium, Mohali",Sunrisers Hyderabad,2,11,18.2
"Punjab Cricket Association IS Bindra Stadium, Mohali, Chandigarh",Gujarat Titans,1,5,20.0
"Punjab Cricket Association IS Bindra Stadium, Mohali, Chandigarh",Lucknow Super Giants,1,5,20.0
"Punjab Cricket Association IS Bindra Stadium, Mohali, Chandigarh",Mumbai Indians,1,5,20.0
"Punjab Cricket Association IS Bindra Stadium, Mohali, Chandigarh",Punjab Kings,1,5,20.0
"Punjab Cricket Association IS Bindra Stadium, Mohali, Chandigarh",Royal Challengers Bengaluru,1,5,20.0
"Punjab Cricket Association Stadium, Mohali",Chennai Super Kings,3,35,8.6
"Punjab Cricket Association Stadium, Mohali",Delhi Capitals,1,35,2.9
"Punjab Cricket Association Stadium, Mohali",Kolkata Knight Riders,2,35,5.7
"Punjab Cricket Association Stadium, Mohali",Mumbai Indians,3,35,8.6
"Punjab Cricket Association Stadium, Mohali",Pune Warriors,1,35,2.9
"Punjab Cricket Association Stadium, Mohali",Punjab Kings,18,35,51.4
"Punjab Cricket Association Stadium, Mohali",Rajasthan Royals,3,35,8.6
"Punjab Cricket Association Stadium, Mohali",Royal Challengers Bengaluru,2,35,5.7
"Punjab Cricket Association Stadium, Mohali",Sunrisers Hyderabad,2,35,5.7
Rajiv Gandhi International Stadium,Chennai Super Kings,1,15,6.7
Rajiv Gandhi International Stadium,Delhi Capitals,1,15,6.7
Rajiv Gandhi International Stadium,Kolkata Knight Riders,1,15,6.7
Rajiv Gandhi International Stadium,Mumbai Indians,2,15,13.3
Rajiv Gandhi International Stadium,Sunrisers Hyderabad,10,15,66.7
"Rajiv Gandhi International Stadium, Uppal",Chennai Super Kings,2,49,4.1
"Rajiv Gandhi International Stadium, Uppal",Deccan Chargers,3,49,6.1
"Rajiv Gandhi International Stadium, Uppal",Delhi Capitals,4,49,8.2
"Rajiv Gandhi International Stadium, Uppal",Kolkata Knight Riders,4,49,8.2
"Rajiv Gandhi International Stadium, Uppal",Mumbai Indians,5,49,10.2
"Rajiv Gandhi International Stadium, Uppal",Pune Warriors,1,49,2.0
"Rajiv Gandhi International Stadium, Uppal",Punjab Kings,4,49,8.2
"Rajiv Gandhi International Stadium, Uppal",Rajasthan Royals,2,49,4.1
"Rajiv Gandhi International Stadium, Uppal",Rising Pune Supergiants,2,49,4.1
"Rajiv Gandhi International Stadium, Uppal",Royal Challengers Bengaluru,2,49,4.1
"Rajiv Gandhi International Stadium, Uppal",Sunrisers Hyderabad,20,49,40.8
"Rajiv Gandhi International Stadium, Uppal, Hyderabad",Delhi Capitals,1,13,7.7
"Rajiv Gandhi International Stadium, Uppal, Hyderabad",Kolkata Knight Riders,1,13,7.7
"Rajiv Gandhi International Stadium, Uppal, Hyderabad",Lucknow Super Giants,1,13,7.7
"Rajiv Gandhi International Stadium, Uppal, Hyderabad",Mumbai Indians,1,13,7.7
"Rajiv Gandhi International Stadium, Uppal, Hyderabad",Rajasthan Royals,1,13,7.7
"Rajiv Gandhi International Stadium, Uppal, Hyderabad",Royal Challengers Bengaluru,2,13,15.4
"Rajiv Gandhi International Stadium, Uppal, Hyderabad",Sunrisers Hyderabad,6,13,46.2
"Sardar Patel Stadium, Motera",Delhi Capitals,1,12,8.3
"Sardar Patel Stadium, Motera",Mumbai Indians,1,12,8.3
"Sardar Patel Stadium, Motera",Punjab Kings,1,12,8.3
"Sardar Patel Stadium, Motera",Rajasthan Royals,7,12,58.3
"Sardar Patel Stadium, Motera",Royal Challengers Bengaluru,1,12,8.3
"Sardar Patel Stadium, Motera",Sunrisers Hyderabad,1,12,8.3
Saurashtra Cricket Association Stadium,Delhi Capitals,1,10,10.0
Saurashtra Cricket Association Stadium,Gujarat Lions,3,10,30.0
Saurashtra Cricket Association Stadium,Kolkata Knight Riders,1,10,10.0
Saurashtra Cricket Association Stadium,Mumbai Indians,1,10,10.0
Saurashtra Cricket Association Stadium,Punjab Kings,2,10,20.0
Saurashtra Cricket Association Stadium,Royal Challengers Bengaluru,1,10,10.0
Saurashtra Cricket Association Stadium,Sunrisers Hyderabad,1,10,10.0
Sawai Mansingh Stadium,Chennai Super Kings,3,47,6.4
Sawai Mansingh Stadium,Delhi Capitals,2,47,4.3
Sawai Mansingh Stadium,Kolkata Knight Riders,3,47,6.4
Sawai Mansingh Stadium,Mumbai Indians,2,47,4.3
Sawai Mansingh Stadium,Punjab Kings,1,47,2.1
Sawai Mansingh Stadium,Rajasthan Royals,32,47,68.1
Sawai Mansingh Stadium,Royal Challengers Bengaluru,3,47,6.4
Sawai Mansingh Stadium,Sunrisers Hyderabad,1,47,2.1
"Sawai Mansingh Stadium, Jaipur",Gujarat Titans,2,10,20.0
"Sawai Mansingh Stadium, Jaipur",Lucknow Super Giants,1,10,10.0
"Sawai Mansingh Stadium, Jaipur",Rajasthan Royals,5,10,50.0
"Sawai Mansingh Stadium, Jaipur",Royal Challengers Bengaluru,1,10,10.0
"Sawai Mansingh Stadium, Jaipur",Sunrisers Hyderabad,1,10,10.0
Shaheed Veer Narayan Singh International Stadium,Delhi Capitals,4,6,66.7
Shaheed Veer Narayan Singh International Stadium,Royal Challengers Bengaluru,1,6,16.7
Shaheed Veer Narayan Singh International Stadium,Sunrisers Hyderabad,1,6,16.7
Sharjah Cricket Stadium,Chennai Super Kings,3,28,10.7
Sharjah Cricket Stadium,Delhi Capitals,5,28,17.9
Sharjah Cricket Stadium,Kolkata Knight Riders,5,28,17.9
Sharjah Cricket Stadium,Mumbai Indians,3,28,10.7
Sharjah Cricket Stadium,Punjab Kings,5,28,17.9
Sharjah Cricket Stadium,Rajasthan Royals,2,28,7.1
Sharjah Cricket Stadium,Royal Challengers Bengaluru,3,28,10.7
Sharjah Cricket Stadium,Sunrisers Hyderabad,2,28,7.1
Sheikh Zayed Stadium,Chennai Super Kings,3,29,10.3
Sheikh Zayed Stadium,Delhi Capitals,2,29,6.9
Sheikh Zayed Stadium,Kolkata Knight Riders,6,29,20.7
Sheikh Zayed Stadium,Mumbai Indians,6,29,20.7
Sheikh Zayed Stadium,Punjab Kings,2,29,6.9
Sheikh Zayed Stadium,Rajasthan Royals,6,29,20.7
Sheikh Zayed Stadium,Royal Challengers Bengaluru,2,29,6.9
Sheikh Zayed Stadium,Sunrisers Hyderabad,2,29,6.9
St George's Park,Chennai Super Kings,2,7,28.6
St George's Park,Delhi Capitals,1,7,14.3
St George's Park,Mumbai Indians,2,7,28.6
St George's Park,Punjab Kings,1,7,14.3
St George's Park,Rajasthan Royals,1,7,14.3
Subrata Roy Sahara Stadium,Chennai Super Kings,1,16,6.2
Subrata Roy Sahara Stadium,Deccan Chargers,1,16,6.2
Subrata Roy Sahara Stadium,Delhi Capitals,1,16,6.2
Subrata Roy Sahara Stadium,Kolkata Knight Riders,3,16,18.8
Subrata Roy Sahara Stadium,Mumbai Indians,2,16,12.5
Subrata Roy Sahara Stadium,Pune Warriors,4,16,25.0
Subrata Roy Sahara Stadium,Punjab Kings,1,16,6.2
Subrata Roy Sahara Stadium,Rajasthan Royals,1,16,6.2
Subrata Roy Sahara Stadium,Royal Challengers Bengaluru,2,16,12.5
SuperSport Park,Chennai Super Kings,2,12,16.7
SuperSport Park,Deccan Chargers,2,12,16.7
SuperSport Park,Delhi Capitals,2,12,16.7
SuperSport Park,Kolkata Knight Riders,1,12,8.3
SuperSport Park,Mumbai Indians,1,12,8.3
SuperSport Park,Rajasthan Royals,2,12,16.7
SuperSport Park,Royal Challengers Bengaluru,2,12,16.7
"Vidarbha Cricket Association Stadium, Jamtha",Deccan Chargers,2,3,66.7
"Vidarbha Cricket Association Stadium, Jamtha",Rajasthan Royals,1,3,33.3
Wankhede Stadium,Chennai Super Kings,7,73,9.6
Wankhede Stadium,Deccan Chargers,1,73,1.4
Wankhede Stadium,Delhi Capitals,3,73,4.1
Wankhede Stadium,Gujarat Lions,1,73,1.4
Wankhede Stadium,Kochi Tuskers Kerala,1,73,1.4
Wankhede Stadium,Kolkata Knight Riders,1,73,1.4
Wankhede Stadium,Mumbai Indians,42,73,57.5
Wankhede Stadium,Pune Warriors,1,73,1.4
Wankhede Stadium,Punjab Kings,5,73,6.8
Wankhede Stadium,Rajasthan Royals,4,73,5.5
Wankhede Stadium,Rising Pune Supergiants,3,73,4.1
Wankhede Stadium,Royal Challengers Bengaluru,3,73,4.1
Wankhede Stadium,Sunrisers Hyderabad,1,73,1.4
"Wankhede Stadium, Mumbai",Chennai Super Kings,6,45,13.3
"Wankhede Stadium, Mumbai",Delhi Capitals,3,45,6.7
"Wankhede Stadium, Mumbai",Gujarat Titans,3,45,6.7
"Wankhede Stadium, Mumbai",Kolkata Knight Riders,4,45,8.9
"Wankhede Stadium, Mumbai",Lucknow Super Giants,3,45,6.7
"Wankhede Stadium, Mumbai",Mumbai Indians,10,45,22.2
"Wankhede Stadium, Mumbai",Punjab Kings,4,45,8.9
"Wankhede Stadium, Mumbai",Rajasthan Royals,6,45,13.3
"Wankhede Stadium, Mumbai",Royal Challengers Bengaluru,5,45,11.1
"Wankhede Stadium, Mumbai",Sunrisers Hyderabad,1,45,2.2
"Zayed Cricket Stadium, Abu Dhabi",Chennai Super Kings,1,8,12.5
"Zayed Cricket Stadium, Abu Dhabi",Delhi Capitals,1,8,12.5
"Zayed Cricket Stadium, Abu Dhabi",Kolkata Knight Riders,2,8,25.0
"Zayed Cricket Stadium, Abu Dhabi",Mumbai Indians,2,8,25.0
"Zayed Cricket Stadium, Abu Dhabi",Rajasthan Royals,1,8,12.5
"Zayed Cricket Stadium, Abu Dhabi",Sunrisers Hyderabad,1,8,12.5
